Explore Stanford Website,Stanford
Explore Stanford Website,Holistic Admission
Explore Stanford Website,Academic Excellence
Explore Stanford Website,Intellectual Vitality
Explore Stanford Website,Extracurricular Activities
Explore Stanford Website,Application
Explore Stanford Website,Essays
Explore Stanford Website,Common Application
Explore Stanford Website,Stanford Short Essay Questions
Explore Stanford Website,Technology
Explore Stanford Website,"Cloud"""
Update Log with New Domain lihaojin.cn !,Update
Update Log with New Domain lihaojin.cn !,Domain
Update Log with New Domain lihaojin.cn !,Email
Update Log with New Domain lihaojin.cn !,Plugin
Update Log with New Domain lihaojin.cn !,Navigation
Update Log with New Domain lihaojin.cn !,Screenshots
Update Log with New Domain lihaojin.cn !,Blog
Update Log with New Domain lihaojin.cn !,Content
Update Log with New Domain lihaojin.cn !,Website
Update Log with New Domain lihaojin.cn !,Post.
New theme for Blog!,blog
New theme for Blog!,theme
New theme for Blog!,new
New theme for Blog!,update
New theme for Blog!,design
New theme for Blog!,style
New theme for Blog!,web
New theme for Blog!,website
New theme for Blog!,appearance
New theme for Blog!,improvement
Discover Berkeley,Berkeley
Discover Berkeley,College
Discover Berkeley,Selection
Discover Berkeley,Holistic Review
Discover Berkeley,Academic
Discover Berkeley,Non-academic
Discover Berkeley,Achievement
Discover Berkeley,Diversity
Discover Berkeley,Merit
Discover Berkeley,Opportunity.
English Class Review,EnglishClassReview
English Class Review,TheHonestThief
English Class Review,Bar
English Class Review,Drinks
English Class Review,Theft
English Class Review,AstafyIvanovich
English Class Review,EmelyanIlyitch
English Class Review,Drinking
English Class Review,Fight
English Class Review,Confession
Our fantastic bridge -- Bridgination,bridgination
Our fantastic bridge -- Bridgination,final exam
Our fantastic bridge -- Bridgination,foundation period
Our fantastic bridge -- Bridgination,bridge building competition
Our fantastic bridge -- Bridgination,team spirit
Our fantastic bridge -- Bridgination,making friends
Our fantastic bridge -- Bridgination,hard work
Our fantastic bridge -- Bridgination,presentation
Our fantastic bridge -- Bridgination,design award
Our fantastic bridge -- Bridgination,aesthetic award
æœŸæœ«è€ƒè¯•......,exam
æœŸæœ«è€ƒè¯•......,preparation
æœŸæœ«è€ƒè¯•......,stress
æœŸæœ«è€ƒè¯•......,study
æœŸæœ«è€ƒè¯•......,success
æœŸæœ«è€ƒè¯•......,motivation
æœŸæœ«è€ƒè¯•......,grades
æœŸæœ«è€ƒè¯•......,education
æœŸæœ«è€ƒè¯•......,goals
æœŸæœ«è€ƒè¯•......,perseverance
My first debate competition,Debate
My first debate competition,Challenge
My first debate competition,English
My first debate competition,Competition
My first debate competition,Friends
My first debate competition,Progress
My first debate competition,Collaboration
My first debate competition,Horizons
My first debate competition,Skills
My first debate competition,Life
Speech at Foundation Class,Foundation
Speech at Foundation Class,Speech
Speech at Foundation Class,Education
Speech at Foundation Class,Motivation
Speech at Foundation Class,Inspiration
Speech at Foundation Class,Learning
Speech at Foundation Class,Development
Speech at Foundation Class,Public speaking
Speech at Foundation Class,Confidence
Speech at Foundation Class,Achievement.
Chinese Final Exam,Chinese
Chinese Final Exam,Final Exam
Chinese Final Exam,Education
Chinese Final Exam,Study Abroad
Chinese Final Exam,College Application
Chinese Final Exam,Parenting
Chinese Final Exam,High School
Chinese Final Exam,SAT
Chinese Final Exam,TOEFL
Chinese Final Exam,International Student
AP Stats: Simulation by Programming,AP Stats
AP Stats: Simulation by Programming,Simulation
AP Stats: Simulation by Programming,Programming
AP Stats: Simulation by Programming,Code
AP Stats: Simulation by Programming,Python
AP Stats: Simulation by Programming,Data Analysis
AP Stats: Simulation by Programming,Data Visualization
AP Stats: Simulation by Programming,Probability
AP Stats: Simulation by Programming,Randomization
AP Stats: Simulation by Programming,"Matplotlib"""
News Report,student
News Report,online community
News Report,COVID-19
News Report,open source
News Report,technology
News Report,information
News Report,platform
News Report,campus
News Report,free
News Report,communication
Physical Exercises,physical exercises
Physical Exercises,military training
Physical Exercises,team leader
Physical Exercises,leadership
Physical Exercises,high-altitude program
Physical Exercises,stage performance
Physical Exercises,singing
Physical Exercises,public speaking
Physical Exercises,self-improvement
Physical Exercises,"confidence"""
Data Structure,DataStructure
Data Structure,ArrayList
Data Structure,Java
Data Structure,Programming
Data Structure,Size
Data Structure,Add
Data Structure,Replace
Data Structure,Remove
Data Structure,Traverse
Data Structure,Stack
Geography Final Exam,Geography
Geography Final Exam,Final Exam
Geography Final Exam,Donald Trump
Geography Final Exam,Presidential Election
Geography Final Exam,Joe Biden
Geography Final Exam,Politics
Geography Final Exam,Media
Geography Final Exam,China
Geography Final Exam,Jobs
Geography Final Exam,Debates
History Final Exam,History
History Final Exam,Final Exam
History Final Exam,Events
History Final Exam,2020
History Final Exam,International Politics
History Final Exam,Economy
History Final Exam,Culture
History Final Exam,COVID-19
History Final Exam,Personal Education
History Final Exam,Anti-Globalization
2019-nCoV Data Prediction,2019-nCoV
2019-nCoV Data Prediction,coronavirus
2019-nCoV Data Prediction,prediction
2019-nCoV Data Prediction,data analysis
2019-nCoV Data Prediction,Pycharm
2019-nCoV Data Prediction,linear regression
2019-nCoV Data Prediction,China
2019-nCoV Data Prediction,safety
2019-nCoV Data Prediction,outbreak
2019-nCoV Data Prediction,"CDC"""
Matrix Linear Regression,Matrix
Matrix Linear Regression,Linear Regression
Matrix Linear Regression,Artificial Intelligence
Matrix Linear Regression,KNN
Matrix Linear Regression,Classification
Matrix Linear Regression,Image Processing
Matrix Linear Regression,Transpose
Matrix Linear Regression,Pseudo-Inverse Matrix
Matrix Linear Regression,Norm
Matrix Linear Regression,Features
Getting started with Python 2,Python
Getting started with Python 2,Programming
Getting started with Python 2,Coding
Getting started with Python 2,For Loop
Getting started with Python 2,Else Statement
Getting started with Python 2,Pass Statement
Getting started with Python 2,Learning
Getting started with Python 2,Beginners
Getting started with Python 2,Syntax
Getting started with Python 2,Basic Concepts
åŸºäºçº¿æ€§å›å½’çš„ä¼ æŸ“è¶‹åŠ¿é¢„æµ‹,linear regression
åŸºäºçº¿æ€§å›å½’çš„ä¼ æŸ“è¶‹åŠ¿é¢„æµ‹,data analysis
åŸºäºçº¿æ€§å›å½’çš„ä¼ æŸ“è¶‹åŠ¿é¢„æµ‹,AI
åŸºäºçº¿æ€§å›å½’çš„ä¼ æŸ“è¶‹åŠ¿é¢„æµ‹,knowledge
åŸºäºçº¿æ€§å›å½’çš„ä¼ æŸ“è¶‹åŠ¿é¢„æµ‹,COVID-19
åŸºäºçº¿æ€§å›å½’çš„ä¼ æŸ“è¶‹åŠ¿é¢„æµ‹,statistics
åŸºäºçº¿æ€§å›å½’çš„ä¼ æŸ“è¶‹åŠ¿é¢„æµ‹,trend
åŸºäºçº¿æ€§å›å½’çš„ä¼ æŸ“è¶‹åŠ¿é¢„æµ‹,prediction
åŸºäºçº¿æ€§å›å½’çš„ä¼ æŸ“è¶‹åŠ¿é¢„æµ‹,numbers
åŸºäºçº¿æ€§å›å½’çš„ä¼ æŸ“è¶‹åŠ¿é¢„æµ‹,health.
Getting started with Python 1,Python
Getting started with Python 1,Variables
Getting started with Python 1,Indentation
Getting started with Python 1,Global Variables
Getting started with Python 1,Data Types
Getting started with Python 1,Arithmetic Operators
Getting started with Python 1,Logical Operators
Getting started with Python 1,Lists
Getting started with Python 1,Tuples
Getting started with Python 1,Sets
Getting started with Python 1,Dictionaries
Linear Regression,Linear Regression
Linear Regression,Artificial Intelligence
Linear Regression,Supervised Learning
Linear Regression,Unsupervised Learning
Linear Regression,Classification
Linear Regression,Regression
Linear Regression,Clustering
Linear Regression,Reinforcement Learning
Linear Regression,Hyperparameter
Linear Regression,"Model Optimization"""
Neural Network,neural network
Neural Network,technical issues
Neural Network,data loss
Neural Network,basic neural unit
Neural Network,training process
Neural Network,BP algorithm
Neural Network,convolutional neural network
Neural Network,image recognition
Neural Network,RNN
Neural Network,language processing
VRC Change Up 2020-2021 Dev Log,robotics
VRC Change Up 2020-2021 Dev Log,programming
VRC Change Up 2020-2021 Dev Log,VRC
VRC Change Up 2020-2021 Dev Log,development
VRC Change Up 2020-2021 Dev Log,competition
VRC Change Up 2020-2021 Dev Log,control
VRC Change Up 2020-2021 Dev Log,algorithm
VRC Change Up 2020-2021 Dev Log,PID
VRC Change Up 2020-2021 Dev Log,sensor
VRC Change Up 2020-2021 Dev Log,"encoder"""
World Robot Contest Finals,WorldRobotContest
World Robot Contest Finals,Revision
World Robot Contest Finals,ApplicationSeason
World Robot Contest Finals,Foshan
World Robot Contest Finals,Guangdong
World Robot Contest Finals,Unexpected
World Robot Contest Finals,AirExperience
World Robot Contest Finals,ChassisProblem
World Robot Contest Finals,TeamFriends
World Robot Contest Finals,LastCompetition
My first VEX tournament of the season,VEX
My first VEX tournament of the season,tournament
My first VEX tournament of the season,sleepless
My first VEX tournament of the season,TOEFL
My first VEX tournament of the season,autonomous
My first VEX tournament of the season,nervous
My first VEX tournament of the season,robot
My first VEX tournament of the season,competition
My first VEX tournament of the season,unity
My first VEX tournament of the season,hope.
Markdown å…¥é—¨æŒ‡å—,Markdown
Markdown å…¥é—¨æŒ‡å—,beginner's guide
Markdown å…¥é—¨æŒ‡å—,lightweight
Markdown å…¥é—¨æŒ‡å—,text formatting
Markdown å…¥é—¨æŒ‡å—,headers
Markdown å…¥é—¨æŒ‡å—,quotes
Markdown å…¥é—¨æŒ‡å—,code blocks
Markdown å…¥é—¨æŒ‡å—,lists
Markdown å…¥é—¨æŒ‡å—,software support
Markdown å…¥é—¨æŒ‡å—,Typora
Chrome Extension recommendation ,Chrome
Chrome Extension recommendation ,Extension
Chrome Extension recommendation ,Google
Chrome Extension recommendation ,Helper
Chrome Extension recommendation ,Grammarly
Chrome Extension recommendation ,Dadda Translate
Chrome Extension recommendation ,Microsoft Edge
Chrome Extension recommendation ,AI
Chrome Extension recommendation ,Writing Skills
Chrome Extension recommendation ,Translation
winwin-hexo-editor å®Œå…¨éƒ¨ç½²æŒ‡å—,hexo
winwin-hexo-editor å®Œå…¨éƒ¨ç½²æŒ‡å—,winwin-hexo-editor
winwin-hexo-editor å®Œå…¨éƒ¨ç½²æŒ‡å—,deployment
winwin-hexo-editor å®Œå…¨éƒ¨ç½²æŒ‡å—,linux
winwin-hexo-editor å®Œå…¨éƒ¨ç½²æŒ‡å—,centOS
winwin-hexo-editor å®Œå…¨éƒ¨ç½²æŒ‡å—,ssh
winwin-hexo-editor å®Œå…¨éƒ¨ç½²æŒ‡å—,download
winwin-hexo-editor å®Œå…¨éƒ¨ç½²æŒ‡å—,installation
winwin-hexo-editor å®Œå…¨éƒ¨ç½²æŒ‡å—,configuration
winwin-hexo-editor å®Œå…¨éƒ¨ç½²æŒ‡å—,pm2
Tech Flow,Microsoft
Tech Flow,Technology
Tech Flow,Productivity
Tech Flow,Surface
Tech Flow,Flow
Tech Flow,Innovation
Tech Flow,Empowerment
Tech Flow,Dual-Screen
Tech Flow,Devices
Tech Flow,Ambition
Blogging Online with Code-Server,Blogging
Blogging Online with Code-Server,Online
Blogging Online with Code-Server,Code-Server
Blogging Online with Code-Server,VScode
Blogging Online with Code-Server,Hexo
Blogging Online with Code-Server,Extension
Blogging Online with Code-Server,Deployment
Blogging Online with Code-Server,Stability
Blogging Online with Code-Server,Convenience
Blogging Online with Code-Server,"Server Configuration"""
VEX programming tips,VEX
VEX programming tips,programming tips
VEX programming tips,motor
VEX programming tips,function
VEX programming tips,parameter
VEX programming tips,template
VEX programming tips,example
VEX programming tips,torque
VEX programming tips,speed
VEX programming tips,direction.
GIX RHWSS Project Presentation Videos,$GIX
GIX RHWSS Project Presentation Videos,RHWSS
GIX RHWSS Project Presentation Videos,Project
GIX RHWSS Project Presentation Videos,Presentation
GIX RHWSS Project Presentation Videos,Videos
GIX RHWSS Project Presentation Videos,YouTube
GIX RHWSS Project Presentation Videos,Technology
GIX RHWSS Project Presentation Videos,Innovation
GIX RHWSS Project Presentation Videos,Infrastructure
GIX RHWSS Project Presentation Videos,Community
ACSL STRING,Java
ACSL STRING,ACSL
ACSL STRING,String
ACSL STRING,Conversion
ACSL STRING,Carry
ACSL STRING,Sign
ACSL STRING,Char
ACSL STRING,Split
ACSL STRING,Simulate
ACSL STRING,"Escapes"""
Digital Reassembly,Java
Digital Reassembly,Programming
Digital Reassembly,Digit Reassembly
Digital Reassembly,Code
Digital Reassembly,Software Development
Digital Reassembly,Integer
Digital Reassembly,Scanner
Digital Reassembly,String
Digital Reassembly,Algorithm
Digital Reassembly,"Coding Challenge"""
å››å­è¿æ£‹,programming
å››å­è¿æ£‹,coding
å››å­è¿æ£‹,algorithm
å››å­è¿æ£‹,search
å››å­è¿æ£‹,game
å››å­è¿æ£‹,puzzle
å››å­è¿æ£‹,board game
å››å­è¿æ£‹,Python
å››å­è¿æ£‹,code
å››å­è¿æ£‹,optimization
æ ‘å½¢DP,æ ‘å½¢DP
æ ‘å½¢DP,äºŒå‰è‹¹æœæ ‘
æ ‘å½¢DP,è®°å¿†åŒ–æœç´¢
æ ‘å½¢DP,è¯¾ç¨‹è¡¨
æ ‘å½¢DP,å…ˆä¿®è¯¾
æ ‘å½¢DP,å­¦åˆ†
æ ‘å½¢DP,K-set
æ ‘å½¢DP,èƒŒåŒ…
æ ‘å½¢DP,è´ªå¿ƒæ’åº
æ ‘å½¢DP,æ­£è´Ÿè´¡çŒ®åˆ†æ
ä¸‰è§’å½¢ç‰§åœº,ä¸‰è§’å½¢ç‰§åœº
ä¸‰è§’å½¢ç‰§åœº,DP
ä¸‰è§’å½¢ç‰§åœº,çŠ¶æ€è½¬ç§»
ä¸‰è§’å½¢ç‰§åœº,æ„é€ 
ä¸‰è§’å½¢ç‰§åœº,æµ·ä¼¦å…¬å¼
ä¸‰è§’å½¢ç‰§åœº,è¿·ä¹‹é˜¶æ¢¯
ä¸‰è§’å½¢ç‰§åœº,çŠ¶æ€å®šä¹‰
ä¸‰è§’å½¢ç‰§åœº,é˜¶æ¢¯é—®é¢˜
ä¸‰è§’å½¢ç‰§åœº,æœ€å°æ­¥æ•°
ä¸‰è§’å½¢ç‰§åœº,é™åˆ¶æ¡ä»¶
æµå—Day3 åæ ‡å‹åŠ¨æ€è§„åˆ’åŠèƒŒåŒ…,åŠ¨æ€è§„åˆ’
æµå—Day3 åæ ‡å‹åŠ¨æ€è§„åˆ’åŠèƒŒåŒ…,åæ ‡å‹åŠ¨æ€è§„åˆ’
æµå—Day3 åæ ‡å‹åŠ¨æ€è§„åˆ’åŠèƒŒåŒ…,èƒŒåŒ…
æµå—Day3 åæ ‡å‹åŠ¨æ€è§„åˆ’åŠèƒŒåŒ…,åˆ†ç»„èƒŒåŒ…
æµå—Day3 åæ ‡å‹åŠ¨æ€è§„åˆ’åŠèƒŒåŒ…,01èƒŒåŒ…
æµå—Day3 åæ ‡å‹åŠ¨æ€è§„åˆ’åŠèƒŒåŒ…,å®Œå…¨èƒŒåŒ…
æµå—Day3 åæ ‡å‹åŠ¨æ€è§„åˆ’åŠèƒŒåŒ…,äºŒç»´é™åˆ¶èƒŒåŒ…
æµå—Day3 åæ ‡å‹åŠ¨æ€è§„åˆ’åŠèƒŒåŒ…,é¢åŒ…å¡”
æµå—Day3 åæ ‡å‹åŠ¨æ€è§„åˆ’åŠèƒŒåŒ…,é«˜åº¦çº¦æŸ
åŠ¨æ€è§„åˆ’ä¹ é¢˜2,"åŠ¨æ€è§„åˆ’,è´ªå¿ƒ,æœ€é•¿ä¸ä¸Šå‡å­åºåˆ—,æœ€é•¿ä¸Šå‡å­åºåˆ—,æ’åº,äºŒåˆ†æŸ¥æ‰¾,ç»å¯¹å€¼,æœ€å°å€¼,è¾¹ç•Œå¤„ç†,çŠ¶æ€è½¬ç§»æ–¹ç¨‹"
ACSL Diff,Java
ACSL Diff,programming
ACSL Diff,ACSL
ACSL Diff,Diff
ACSL Diff,String
ACSL Diff,algorithm
ACSL Diff,substring
ACSL Diff,input
ACSL Diff,output
ACSL Diff,testing.
åŠ¨æ€è§„åˆ’1,"åŠ¨æ€è§„åˆ’,æœ€ä¼˜å­ç»“æ„,æ— åæ•ˆæ€§,çŠ¶æ€è½¬ç§»æ–¹ç¨‹,æœ€å¤§å­ä¸²å’Œ,ä¸ç›¸äº¤çš„ä¸¤ä¸ªå­ä¸²çš„æœ€å¤§å’Œ,å­çŸ©é˜µå’Œ,æœ€é•¿å…¬å…±å­åºåˆ—,å›æ–‡ä¸²,ä¹˜ç§¯æœ€å¤§"
ACSL CHMOD,Java
ACSL CHMOD,ACSL
ACSL CHMOD,CHMOD
ACSL CHMOD,Binary
ACSL CHMOD,Permissions
ACSL CHMOD,Command Line
ACSL CHMOD,Terminal
ACSL CHMOD,Coding
ACSL CHMOD,Programming
ACSL CHMOD,Syntax
Intro to Neural Network,Neural Network
Intro to Neural Network,Technical Issues
Intro to Neural Network,Linear Regression
Intro to Neural Network,Data Loss
Intro to Neural Network,Local Weighted Regression
Intro to Neural Network,Artificial Neural Network
Intro to Neural Network,Vector Representation
Intro to Neural Network,Convolution Operation
Intro to Neural Network,RNN
Intro to Neural Network,"Sigmoid"""
STL,STL
STL,C++
STL,iterator
STL,set
STL,data structure
STL,algorithm
STL,container
STL,member function
STL,insert
STL,erase.
é«˜ç²¾åº¦æ¨¡æ¿,C++
é«˜ç²¾åº¦æ¨¡æ¿,high-precision
é«˜ç²¾åº¦æ¨¡æ¿,operator overloading
é«˜ç²¾åº¦æ¨¡æ¿,bign
é«˜ç²¾åº¦æ¨¡æ¿,comparison
é«˜ç²¾åº¦æ¨¡æ¿,addition
é«˜ç²¾åº¦æ¨¡æ¿,assignment
é«˜ç²¾åº¦æ¨¡æ¿,memset
é«˜ç²¾åº¦æ¨¡æ¿,strlen
é«˜ç²¾åº¦æ¨¡æ¿,struct
æ»‘åŠ¨çª—å£,æ»‘åŠ¨çª—å£
æ»‘åŠ¨çª—å£,å•è°ƒé˜Ÿåˆ—
æ»‘åŠ¨çª—å£,C++ STL
æ»‘åŠ¨çª—å£,deque
æ»‘åŠ¨çª—å£,ç®—æ³•
æ»‘åŠ¨çª—å£,æ•°æ®ç»“æ„
æ»‘åŠ¨çª—å£,åŒç«¯é˜Ÿåˆ—
æ»‘åŠ¨çª—å£,æ•°ç»„æ˜ å°„
æ»‘åŠ¨çª—å£,çª—å£å†…æœ€å°å€¼.
æ±‰è¯ºå¡”é—®é¢˜,recursion
æ±‰è¯ºå¡”é—®é¢˜,Hanoi
æ±‰è¯ºå¡”é—®é¢˜,algorithm
æ±‰è¯ºå¡”é—®é¢˜,puzzle
æ±‰è¯ºå¡”é—®é¢˜,game
æ±‰è¯ºå¡”é—®é¢˜,logic
æ±‰è¯ºå¡”é—®é¢˜,math
æ±‰è¯ºå¡”é—®é¢˜,coding
æ±‰è¯ºå¡”é—®é¢˜,programming
æ±‰è¯ºå¡”é—®é¢˜,implementation.
åŠ¨æ€è§„åˆ’2-èƒŒåŒ…DP,"åŠ¨æ€è§„åˆ’,èƒŒåŒ…é—®é¢˜,ä¼˜åŒ–,01èƒŒåŒ…,çŠ¶æ€è½¬ç§»æ–¹ç¨‹,å¾ªç¯ä¼˜åŒ–,æ»šåŠ¨æ•°ç»„,åŠ¨æ€è§„åˆ’ä¼˜åŒ–,è£…ç®±é—®é¢˜,èƒŒåŒ…DP"
P1429 å¹³é¢æœ€è¿‘ç‚¹å¯¹ï¼ˆåŠ å¼ºç‰ˆï¼‰,algorithm
P1429 å¹³é¢æœ€è¿‘ç‚¹å¯¹ï¼ˆåŠ å¼ºç‰ˆï¼‰,closest-pair
P1429 å¹³é¢æœ€è¿‘ç‚¹å¯¹ï¼ˆåŠ å¼ºç‰ˆï¼‰,divide-and-conquer
P1429 å¹³é¢æœ€è¿‘ç‚¹å¯¹ï¼ˆåŠ å¼ºç‰ˆï¼‰,geometry
P1429 å¹³é¢æœ€è¿‘ç‚¹å¯¹ï¼ˆåŠ å¼ºç‰ˆï¼‰,optimization
P1429 å¹³é¢æœ€è¿‘ç‚¹å¯¹ï¼ˆåŠ å¼ºç‰ˆï¼‰,programming
P1429 å¹³é¢æœ€è¿‘ç‚¹å¯¹ï¼ˆåŠ å¼ºç‰ˆï¼‰,solution
P1429 å¹³é¢æœ€è¿‘ç‚¹å¯¹ï¼ˆåŠ å¼ºç‰ˆï¼‰,technical
P1429 å¹³é¢æœ€è¿‘ç‚¹å¯¹ï¼ˆåŠ å¼ºç‰ˆï¼‰,tutorial
P1429 å¹³é¢æœ€è¿‘ç‚¹å¯¹ï¼ˆåŠ å¼ºç‰ˆï¼‰,visualization
éšæœºæ•°åŸºæœ¬ä½¿ç”¨æ–¹æ³•,rand
éšæœºæ•°åŸºæœ¬ä½¿ç”¨æ–¹æ³•,random numbers
éšæœºæ•°åŸºæœ¬ä½¿ç”¨æ–¹æ³•,programming
éšæœºæ•°åŸºæœ¬ä½¿ç”¨æ–¹æ³•,coding
éšæœºæ•°åŸºæœ¬ä½¿ç”¨æ–¹æ³•,integers
éšæœºæ•°åŸºæœ¬ä½¿ç”¨æ–¹æ³•,floating-point numbers
éšæœºæ•°åŸºæœ¬ä½¿ç”¨æ–¹æ³•,formulas
éšæœºæ•°åŸºæœ¬ä½¿ç”¨æ–¹æ³•,syntax
éšæœºæ•°åŸºæœ¬ä½¿ç”¨æ–¹æ³•,beginners
éšæœºæ•°åŸºæœ¬ä½¿ç”¨æ–¹æ³•,tips
A perfect event,event
A perfect event,VEX Worlds
A perfect event,achievement
A perfect event,communication
A perfect event,international competition
A perfect event,robotics
A perfect event,friendship
A perfect event,diversity
A perfect event,interview
A perfect event,preparation
Exercise Log,exercise
Exercise Log,fitness
Exercise Log,determination
Exercise Log,progress
Exercise Log,health
Exercise Log,wellness
Exercise Log,routine
Exercise Log,goals
Exercise Log,perseverance
Exercise Log,self-improvement
Picking up exercise again,exercise
Picking up exercise again,motivation
Picking up exercise again,try again
Picking up exercise again,Galaxy Buds
Picking up exercise again,habit
Picking up exercise again,vent pressure
Picking up exercise again,treadmill
Picking up exercise again,gym
Picking up exercise again,TOEFL Listening
Picking up exercise again,night view
F1 2021 Review,F1
F1 2021 Review,Review
F1 2021 Review,Perez
F1 2021 Review,Max
F1 2021 Review,Abu Dhabi
F1 2021 Review,Championship
F1 2021 Review,Racing
F1 2021 Review,Mercedes
F1 2021 Review,Red Bull
F1 2021 Review,Strategy
March Madness!,MarchMadness
March Madness!,FinalFour
March Madness!,APO
March Madness!,fraternity
March Madness!,cooking
March Madness!,ChineseFood
March Madness!,hobby
March Madness!,F1
March Madness!,Formula1
March Madness!,ZhouGuanyu.
My sophomore Fall,APO
My sophomore Fall,recruitment
My sophomore Fall,world view
My sophomore Fall,MakeNew
My sophomore Fall,hiking
My sophomore Fall,service
My sophomore Fall,volunteering
My sophomore Fall,internships
My sophomore Fall,liberal arts
My sophomore Fall,Shenandoah National Park.
Summer done!,California
Summer done!,Adventure
Summer done!,Travel
Summer done!,Beaches
Summer done!,Food
Summer done!,Stars
Summer done!,Nature
Summer done!,Growth
Summer done!,Suburb
Summer done!,Semester
2021å¹´ç»ˆæ€»ç»“,Pre-college Life
2021å¹´ç»ˆæ€»ç»“,Offeré›¨
2021å¹´ç»ˆæ€»ç»“,æ¯•ä¸šå­£
2021å¹´ç»ˆæ€»ç»“,Orientation Week
2021å¹´ç»ˆæ€»ç»“,College Life
2021å¹´ç»ˆæ€»ç»“,Washington DC
2021å¹´ç»ˆæ€»ç»“,å­¦åšé¥­
2021å¹´ç»ˆæ€»ç»“,åœ£è¯å¤œ
2021å¹´ç»ˆæ€»ç»“,å…ƒæ—¦
2021å¹´ç»ˆæ€»ç»“,ä»Šå¤œ.
First Week of Class,College
First Week of Class,online learning
First Week of Class,cooking
First Week of Class,covid
First Week of Class,friends
First Week of Class,philosophy
First Week of Class,sports
First Week of Class,Duke
First Week of Class,classes
First Week of Class,English writing
Summer vacation starts now,Summer vacation
Summer vacation starts now,activities
Summer vacation starts now,VEX Robotics
Summer vacation starts now,NSDA debate
Summer vacation starts now,Discipline Competition
Summer vacation starts now,graduation ceremony
Summer vacation starts now,TOEFL
Summer vacation starts now,reading
Summer vacation starts now,listening
Summer vacation starts now,writing
æˆ‘çš„2018,2018
æˆ‘çš„2018,Reflection
æˆ‘çš„2018,Journey
æˆ‘çš„2018,Growth
æˆ‘çš„2018,Information Technology
æˆ‘çš„2018,Dreams
æˆ‘çš„2018,Challenges
æˆ‘çš„2018,Self-Improvement
æˆ‘çš„2018,Refresh
æˆ‘çš„2018,Attitude
æˆ‘çš„2018,Future
Spring Unwrap,reflection
Spring Unwrap,extracurricular
Spring Unwrap,philosophy
Spring Unwrap,sociology
Spring Unwrap,Ukraine War
Spring Unwrap,Chinese New Year
Spring Unwrap,Christianity
Spring Unwrap,writing skills
Spring Unwrap,sports
Spring Unwrap,optimism
HIT REFRESH,international
HIT REFRESH,decision
HIT REFRESH,Seattle
HIT REFRESH,atmosphere
HIT REFRESH,foreign
HIT REFRESH,optimism
HIT REFRESH,challenges
HIT REFRESH,TOEFL
HIT REFRESH,dorm
HIT REFRESH,Chicago
é›¨æœ‰æ„Ÿ,Rain
é›¨æœ‰æ„Ÿ,Friendship
é›¨æœ‰æ„Ÿ,Enjoyment
é›¨æœ‰æ„Ÿ,Movies
é›¨æœ‰æ„Ÿ,Biking
é›¨æœ‰æ„Ÿ,Quietness
é›¨æœ‰æ„Ÿ,Walking
é›¨æœ‰æ„Ÿ,Road
é›¨æœ‰æ„Ÿ,Life
é›¨æœ‰æ„Ÿ,Pureness.
One third passed,Classes
One third passed,Marxism
One third passed,Political Philosophy
One third passed,Earth Science
One third passed,Ocean Science
One third passed,Summer Plan
One third passed,Study Abroad
One third passed,Website Updates
One third passed,Achievement
One third passed,Motivation
It has been a long long time,life
It has been a long long time,travel
It has been a long long time,experience
It has been a long long time,reflection
It has been a long long time,changes
It has been a long long time,new beginnings
It has been a long long time,friendship
It has been a long long time,learning
It has been a long long time,growth
It has been a long long time,adaptation
Summer almost done,Summer
Summer almost done,Code+
Summer almost done,Growth
Summer almost done,Collaboration
Summer almost done,Software engineering
Summer almost done,Faith
Summer almost done,Leetcode
Summer almost done,Career goals
Summer almost done,Mock interview
Summer almost done,Positive learning
éšè®°,ä½“è‚²ç²¾ç¥
éšè®°,è®²åº§
éšè®°,ä¸­é¤
éšè®°,Community
éšè®°,å­¦æ ¡ç”Ÿæ´»
éšè®°,ç”Ÿæ´»æ„Ÿæ‚Ÿ
éšè®°,äººé™…å…³ç³»
éšè®°,å­¦ä¹ ç»éªŒ
éšè®°,å¥èº«
éšè®°,çƒ­å·§å…‹åŠ›
Application Season,ApplicationSeason
Application Season,Essays
Application Season,TOEFL
Application Season,Mood
Application Season,Workload
Application Season,StanfordSummerInstitute
Application Season,Research
Application Season,DreamOffers
Application Season,Ambitions
Application Season,SelfDoubts.
Halloween,Halloween
Halloween,blog
Halloween,recording
Halloween,decoration
Halloween,ping pong
Halloween,sin
Halloween,pumpkin craving
Halloween,presentation
Halloween,feedback
Halloween,America
ç”³è¯·å­£çš„é€‰æ‹©,Application Season
ç”³è¯·å­£çš„é€‰æ‹©,Results
ç”³è¯·å­£çš„é€‰æ‹©,Duke University
ç”³è¯·å­£çš„é€‰æ‹©,Berkeley
ç”³è¯·å­£çš„é€‰æ‹©,Rice University
ç”³è¯·å­£çš„é€‰æ‹©,Acceptance
ç”³è¯·å­£çš„é€‰æ‹©,Dreams
ç”³è¯·å­£çš„é€‰æ‹©,Success
ç”³è¯·å­£çš„é€‰æ‹©,Emotions
ç”³è¯·å­£çš„é€‰æ‹©,Achievements
å¤©æ°”è½¬å‡‰,climate change
å¤©æ°”è½¬å‡‰,college life
å¤©æ°”è½¬å‡‰,social impact
å¤©æ°”è½¬å‡‰,autumn
å¤©æ°”è½¬å‡‰,emotional
å¤©æ°”è½¬å‡‰,rational
å¤©æ°”è½¬å‡‰,beauty
å¤©æ°”è½¬å‡‰,loneliness
å¤©æ°”è½¬å‡‰,Marvel
å¤©æ°”è½¬å‡‰,destiny
Coming back,life
Coming back,exams
Coming back,travel
Coming back,lucky
Coming back,international
Coming back,friends
Coming back,math
Coming back,diary
Coming back,excitement
Coming back,"motivation"""
New semester,New semester
New semester,Chinese writing
New semester,friends
New semester,courses
New semester,computer science
New semester,political science
New semester,Marxism
New semester,philosophy
New semester,self-discipline
New semester,internship
New semester,fraternity.
Final Week,finals
Final Week,endings
Final Week,leadership
Final Week,drinking
Final Week,all-nighter
Final Week,studying
Final Week,atmosphere
Final Week,memories
Final Week,holiday season
Final Week,fire alarm
Pre-Thanksgiving,Pre-Thanksgiving
Pre-Thanksgiving,F1
Pre-Thanksgiving,questioning
Pre-Thanksgiving,not missing
Pre-Thanksgiving,Thanksgiving turkey
Pre-Thanksgiving,no photos.
Today I become a Christian.,Christianity
Today I become a Christian.,faith
Today I become a Christian.,repentance
Today I become a Christian.,grace
Today I become a Christian.,salvation
Today I become a Christian.,relationship with God
Today I become a Christian.,journey of faith
Today I become a Christian.,redemption
Today I become a Christian.,spiritual growth
Today I become a Christian.,personal transformation.
Summertime ğŸ–ï¸,summertime
Summertime ğŸ–ï¸,pre-code+
Summertime ğŸ–ï¸,code+
Summertime ğŸ–ï¸,cooking
Summertime ğŸ–ï¸,hang out
Summertime ğŸ–ï¸,productivity
Summertime ğŸ–ï¸,software development
Summertime ğŸ–ï¸,achievement
Summertime ğŸ–ï¸,Duke students
Summertime ğŸ–ï¸,independent living.
The End of My Freshman Year,college
The End of My Freshman Year,reflection
The End of My Freshman Year,gratitude
The End of My Freshman Year,fate
The End of My Freshman Year,people
The End of My Freshman Year,highlight moments
The End of My Freshman Year,grades
The End of My Freshman Year,classes
The End of My Freshman Year,adventure
The End of My Freshman Year,life
Last Spring Festival with Family,movies
Last Spring Festival with Family,shopping
Last Spring Festival with Family,hiking
Last Spring Festival with Family,cuisine
Last Spring Festival with Family,Dayan Pagoda
Last Spring Festival with Family,shopping mall
Last Spring Festival with Family,nature
Last Spring Festival with Family,family
Last Spring Festival with Family,spring festival
Last Spring Festival with Family,traditions.
Educated -- Reading Journal,"1. Educated
2. Reading
3. Journal
4. Book
5. Reflection
6. Experience
7. Family
8. College
9. Work
10. Perspective"
å°å°å°‘å¹´,FRC
å°å°å°‘å¹´,VEX
å°å°å°‘å¹´,STEM
å°å°å°‘å¹´,Education
å°å°å°‘å¹´,Documentary
å°å°å°‘å¹´,Robotics
å°å°å°‘å¹´,Competition
å°å°å°‘å¹´,Success
å°å°å°‘å¹´,Dream
å°å°å°‘å¹´,College
Only Cloud Knows,love
Only Cloud Knows,imagination
Only Cloud Knows,movie
Only Cloud Knows,future
Only Cloud Knows,hope
Only Cloud Knows,sadness
Only Cloud Knows,peace
Only Cloud Knows,romance
Only Cloud Knows,unity
Only Cloud Knows,"life"""
å…«ä½° The Eight Hundred,movies
å…«ä½° The Eight Hundred,reviews
å…«ä½° The Eight Hundred,patriotism
å…«ä½° The Eight Hundred,emotions
å…«ä½° The Eight Hundred,national identity
å…«ä½° The Eight Hundred,cinema
å…«ä½° The Eight Hundred,youth
å…«ä½° The Eight Hundred,war
å…«ä½° The Eight Hundred,military
å…«ä½° The Eight Hundred,China
A moving film -- Rudy,Rudy
A moving film -- Rudy,Moving film
A moving film -- Rudy,Inspiration
A moving film -- Rudy,Dreams
A moving film -- Rudy,Biographical
A moving film -- Rudy,Sports
A moving film -- Rudy,Passion
A moving film -- Rudy,Obstacles
A moving film -- Rudy,Football
A moving film -- Rudy,Tears
Spirited Away,SpiritedAwayMovie
Spirited Away,Childhood
Spirited Away,Memories
Spirited Away,Disappointment
Spirited Away,MovieReviews
Spirited Away,PersonalOpinions
Spirited Away,Diversity
Spirited Away,Experience
Spirited Away,Emotions
Spirited Away,CharacterSympathy
A touching movie,Inspiration
A touching movie,Film
A touching movie,Motivation
A touching movie,Biopic
A touching movie,Dream
A touching movie,Passion
A touching movie,Football
A touching movie,Tears
A touching movie,Rudy
A touching movie,Emotion
TENET,Destiny
TENET,Future
TENET,Affection
TENET,Music
TENET,Tenet
TENET,Time
TENET,Emotion
TENET,Science
TENET,Plot
TENET,Characters.
The true first day of 2019 VEX Worlds,flight
The true first day of 2019 VEX Worlds,sunrise
The true first day of 2019 VEX Worlds,airport
The true first day of 2019 VEX Worlds,United Airlines
The true first day of 2019 VEX Worlds,review
The true first day of 2019 VEX Worlds,Outlets
The true first day of 2019 VEX Worlds,meeting
The true first day of 2019 VEX Worlds,duty
The true first day of 2019 VEX Worlds,relationship
The true first day of 2019 VEX Worlds,"team"""
March Madness?,March Madness
March Madness?,Blogging
March Madness?,Spring Break
March Madness?,Washington DC
March Madness?,Roadtrip
March Madness?,Asheville
March Madness?,Birthday
March Madness?,Travel
March Madness?,Adventure
March Madness?,Friendship
May be the FIRST DAY?,robotics
May be the FIRST DAY?,programming
May be the FIRST DAY?,VEX Worlds
May be the FIRST DAY?,competition
May be the FIRST DAY?,autonomous
May be the FIRST DAY?,debugging
May be the FIRST DAY?,team
May be the FIRST DAY?,memories
May be the FIRST DAY?,travel
May be the FIRST DAY?,flag bearer.
Shenandoah National Park,Shenandoah
Shenandoah National Park,hiking
Shenandoah National Park,roadtrip
Shenandoah National Park,nature
Shenandoah National Park,mountains
Shenandoah National Park,adventure
Shenandoah National Park,travel
Shenandoah National Park,outdoors
Shenandoah National Park,national park
Shenandoah National Park,Virginia
Arches National Park,#ArchesNationalPark
Arches National Park,#Moab
Arches National Park,#Page
Arches National Park,#SunriseViewing
Arches National Park,#Hiking
Arches National Park,#DedicateArch
Arches National Park,#DoubleArch
Arches National Park,#BalancedRock
Arches National Park,#Arizona
Arches National Park,#SpeedingTicket
Grand Canyon National Park,GrandCanyon
Grand Canyon National Park,DessertViewDrive
Grand Canyon National Park,ColoradoRiver
Grand Canyon National Park,SouthRim
Grand Canyon National Park,Overlook
Grand Canyon National Park,Shuttle
Grand Canyon National Park,YukiPoint
Grand Canyon National Park,NationalPark
Grand Canyon National Park,Landscape
Grand Canyon National Park,Hiking
Zion National Park,ZionNationalPark
Zion National Park,RoadTrip
Zion National Park,Trails
Zion National Park,AngelsLanding
Zion National Park,Hiking
Zion National Park,Adventure
Zion National Park,Travel
Zion National Park,Nature
Zion National Park,Outdoors
Zion National Park,NationalPark
Bryce Canyon National Park,BryceCanyonNationalPark
Bryce Canyon National Park,Zion
Bryce Canyon National Park,nature
Bryce Canyon National Park,travel
Bryce Canyon National Park,adventure
Bryce Canyon National Park,roadtrip
Bryce Canyon National Park,sunrise
Bryce Canyon National Park,snow
Bryce Canyon National Park,hiking
Bryce Canyon National Park,landscape
Capitol Reef National Park,travel
Capitol Reef National Park,national parks
Capitol Reef National Park,road trip
Capitol Reef National Park,nature
Capitol Reef National Park,photography
Capitol Reef National Park,adventure
Capitol Reef National Park,exploration
Capitol Reef National Park,landscapes
Capitol Reef National Park,outdoor
Capitol Reef National Park,vacation
Canyonlands National Park,Canyonlands
Canyonlands National Park,National Park
Canyonlands National Park,Trails
Canyonlands National Park,Overlooks
Canyonlands National Park,Mesa Arch
Canyonlands National Park,Upheaval Dome
Canyonlands National Park,Crater View
Canyonlands National Park,Nature
Canyonlands National Park,Scenery
Canyonlands National Park,Adventure
Antelope Canyon & Horseshoe Bend,AntelopeCanyon
Antelope Canyon & Horseshoe Bend,HorseshoeBend
Antelope Canyon & Horseshoe Bend,MonumentValley
Antelope Canyon & Horseshoe Bend,GlennCanyonDam
Antelope Canyon & Horseshoe Bend,Page
Antelope Canyon & Horseshoe Bend,Travel
Antelope Canyon & Horseshoe Bend,Nature
Antelope Canyon & Horseshoe Bend,Photography
Antelope Canyon & Horseshoe Bend,Arizona
Antelope Canyon & Horseshoe Bend,Utah.
Hoover Dam & Las Vegas,Hoover Dam
Hoover Dam & Las Vegas,Nevada
Hoover Dam & Las Vegas,Arizona
Hoover Dam & Las Vegas,Grand Canyon
Hoover Dam & Las Vegas,In-N-Out Burger
Hoover Dam & Las Vegas,Kingman
Hoover Dam & Las Vegas,Route 66
Hoover Dam & Las Vegas,History
Hoover Dam & Las Vegas,Las Vegas
Hoover Dam & Las Vegas,Strip
Hoover Dam & Las Vegas,Yardbird.
Chicago day trip,Chicago
Chicago day trip,day trip
Chicago day trip,server
Chicago day trip,technical issues
Chicago day trip,loss
Chicago day trip,images
Chicago day trip,data
Chicago day trip,recovery
Chicago day trip,backup
Chicago day trip,troubleshooting
æµå—Day2 éšè®°,Jinan
æµå—Day2 éšè®°,Travel
æµå—Day2 éšè®°,Recap
æµå—Day2 éšè®°,Technical issues
æµå—Day2 éšè®°,Loss
æµå—Day2 éšè®°,Images
æµå—Day2 éšè®°,Data
æµå—Day2 éšè®°,Learning
æµå—Day2 éšè®°,DP
æµå—Day2 éšè®°,KFC.
"Toronto, Niagara Falls, and Cancun!",Toronto
"Toronto, Niagara Falls, and Cancun!",Niagara Falls
"Toronto, Niagara Falls, and Cancun!",Cancun
"Toronto, Niagara Falls, and Cancun!",Road Trip
"Toronto, Niagara Falls, and Cancun!",Island
"Toronto, Niagara Falls, and Cancun!",CN Tower
"Toronto, Niagara Falls, and Cancun!",Winter
"Toronto, Niagara Falls, and Cancun!",XCARET
"Toronto, Niagara Falls, and Cancun!",Luxury
"Toronto, Niagara Falls, and Cancun!",Nature
æµå—Day1 éšè®°,#JinanDay1 #travelblog #airplaneticket #airportexperience #hotelaccommodation #foodadventures #sightseeing #travelmemories #travelreflections #unexpectedexperiences
A short trip to Beijing,Beijing
A short trip to Beijing,travel
A short trip to Beijing,Yau Science Awards
A short trip to Beijing,competition
A short trip to Beijing,presentation
A short trip to Beijing,Microsoft
A short trip to Beijing,dream chasing
A short trip to Beijing,solo travel
A short trip to Beijing,research
A short trip to Beijing,innovation.
Toronto-Montreal-Ottawa Road Trip,Canada
Toronto-Montreal-Ottawa Road Trip,Toronto
Toronto-Montreal-Ottawa Road Trip,Montreal
Toronto-Montreal-Ottawa Road Trip,Ottawa
Toronto-Montreal-Ottawa Road Trip,Road trip
Toronto-Montreal-Ottawa Road Trip,Travel
Toronto-Montreal-Ottawa Road Trip,Food
Toronto-Montreal-Ottawa Road Trip,Formula One
Toronto-Montreal-Ottawa Road Trip,BiodÃ´me
Toronto-Montreal-Ottawa Road Trip,"Landmarks"""
è¥¿é›…å›¾ Day4,text input
è¥¿é›…å›¾ Day4,human-computer interaction
è¥¿é›…å›¾ Day4,keyboard
è¥¿é›…å›¾ Day4,mouse
è¥¿é›…å›¾ Day4,touchscreen
è¥¿é›…å›¾ Day4,gesture
è¥¿é›…å›¾ Day4,input correction
è¥¿é›…å›¾ Day4,form factor
è¥¿é›…å›¾ Day4,visual attention
è¥¿é›…å›¾ Day4,air typing
è¥¿é›…å›¾ Day7,Microsoft
è¥¿é›…å›¾ Day7,Seattle
è¥¿é›…å›¾ Day7,office
è¥¿é›…å›¾ Day7,technology
è¥¿é›…å›¾ Day7,tour
è¥¿é›…å›¾ Day7,shopping
è¥¿é›…å›¾ Day7,souvenir
è¥¿é›…å›¾ Day7,demo
è¥¿é›…å›¾ Day7,team
è¥¿é›…å›¾ Day7,challenge
è¥¿é›…å›¾ Day1,Seattle
è¥¿é›…å›¾ Day1,Day1
è¥¿é›…å›¾ Day1,server
è¥¿é›…å›¾ Day1,technical issues
è¥¿é›…å›¾ Day1,data loss
è¥¿é›…å›¾ Day1,check-in
è¥¿é›…å›¾ Day1,FIT
è¥¿é›…å›¾ Day1,Beijing time
è¥¿é›…å›¾ Day1,opening ceremony
è¥¿é›…å›¾ Day1,Tsinghua University
è¥¿é›…å›¾ Day1,customized items
è¥¿é›…å›¾ Day1,main building
è¥¿é›…å›¾ Day1,boarding
è¥¿é›…å›¾ Day1,Hainan Airlines
è¥¿é›…å›¾ Day1,787
è¥¿é›…å›¾ Day1,economy class
è¥¿é›…å›¾ Day1,window seat
è¥¿é›…å›¾ Day1,entertainment system
è¥¿é›…å›¾ Day1,Hollywood movies
è¥¿é›…å›¾ Day1,The Big Bang Theory
è¥¿é›…å›¾ Day1,arrival
è¥¿é›…å›¾ Day1,immigration
è¥¿é›…å›¾ Day1,conversation
è¥¿é›…å›¾ Day1,luggage carousel
è¥¿é›…å›¾ Day1,transportation
è¥¿é›…å›¾ Day1,hotel
è¥¿é›…å›¾ Day1,GIX
è¥¿é›…å›¾ Day1,Steve Ballmer Building
è¥¿é›…å›¾ Day1,industrial design
è¥¿é›…å›¾ Day1,summary
è¥¿é›…å›¾ Day1,jetlag.
The last day in Seattle,Seattle
The last day in Seattle,GIX
The last day in Seattle,TinySoft
The last day in Seattle,Microsoft
The last day in Seattle,teamwork
The last day in Seattle,creativity
The last day in Seattle,memories
The last day in Seattle,awards
The last day in Seattle,culture
The last day in Seattle,Lewis Will
è¥¿é›…å›¾ Day3,nature conservancy
è¥¿é›…å›¾ Day3,geospatial
è¥¿é›…å›¾ Day3,mangroves
è¥¿é›…å›¾ Day3,tourism
è¥¿é›…å›¾ Day3,fisheries
è¥¿é›…å›¾ Day3,carbon storage
è¥¿é›…å›¾ Day3,coral reef
è¥¿é›…å›¾ Day3,presentations
è¥¿é›…å›¾ Day3,time management
è¥¿é›…å›¾ Day3,team management
è¥¿é›…å›¾ Day5,Arduino
è¥¿é›…å›¾ Day5,programming
è¥¿é›…å›¾ Day5,innovation
è¥¿é›…å›¾ Day5,Boeing
è¥¿é›…å›¾ Day5,factory
è¥¿é›…å›¾ Day5,Seattle
è¥¿é›…å›¾ Day5,challenge
è¥¿é›…å›¾ Day5,creativity
è¥¿é›…å›¾ Day5,technology
è¥¿é›…å›¾ Day5,experience
è¥¿é›…å›¾ Day6,Seattle
è¥¿é›…å›¾ Day6,Creativity Challenge
è¥¿é›…å›¾ Day6,Roller Coaster
è¥¿é›…å›¾ Day6,Web Design
è¥¿é›…å›¾ Day6,Coding
è¥¿é›…å›¾ Day6,3D Printing
è¥¿é›…å›¾ Day6,Mechanical Engineering
è¥¿é›…å›¾ Day6,Microsoft
è¥¿é›…å›¾ Day6,Faith
è¥¿é›…å›¾ Day6,GIX Winter Camp
Washington DC - Day3,Georgetown
Washington DC - Day3,Waterfront Park
Washington DC - Day3,Georgetown University
Washington DC - Day3,Cupcake
Washington DC - Day3,Travel
Washington DC - Day3,Washington DC
Washington DC - Day3,Food
Washington DC - Day3,Soup
Washington DC - Day3,Sightseeing
Washington DC - Day3,Culture
Washington DC - Day4,WashingtonDC
Washington DC - Day4,NationalZoo
Washington DC - Day4,food
Washington DC - Day4,SouthAfrican
Washington DC - Day4,animals
Washington DC - Day4,pandas
Washington DC - Day4,fear
Washington DC - Day4,snakes
Washington DC - Day4,ShaanxiCuisine
Washington DC - Day4,hometownfood
Washington DC - Day1,Washington DC
Washington DC - Day1,travel
Washington DC - Day1,tourism
Washington DC - Day1,landmarks
Washington DC - Day1,history
Washington DC - Day1,culture
Washington DC - Day1,food
Washington DC - Day1,architecture
Washington DC - Day1,sightseeing
Washington DC - Day1,night tour
Washington DC - Day2,Washington DC
Washington DC - Day2,International Spy Museum
Washington DC - Day2,National History Museum
Washington DC - Day2,National Archive
Washington DC - Day2,Shopping Mall
Washington DC - Day2,History
Washington DC - Day2,Spy
Washington DC - Day2,Exhibits
Washington DC - Day2,Culture
Washington DC - Day2,Friendship
Washington DC - Day5,Washington DC
Washington DC - Day5,Travel
Washington DC - Day5,Food
Washington DC - Day5,Museums
Washington DC - Day5,Architecture
Washington DC - Day5,History
Washington DC - Day5,Culture
Washington DC - Day5,Landmarks
Washington DC - Day5,Sightseeing
Washington DC - Day5,Exploration
New York City - Day4,New York City
New York City - Day4,911 Memorial & Museum
New York City - Day4,Wall Street
New York City - Day4,New York Stock Exchange
New York City - Day4,Chinatown
New York City - Day4,K-town
New York City - Day4,Edge Sky Deck
New York City - Day4,Hudson Yard
New York City - Day4,friendship
New York City - Day4,memories
New York City - Day4,love.
New York City - Day3,New York City
New York City - Day3,Hangover
New York City - Day3,St. Patrick's Cathedral
New York City - Day3,LEGO
New York City - Day3,Shopping
New York City - Day3,Nike
New York City - Day3,Adidas
New York City - Day3,Dinner
New York City - Day3,Lonely
New York City - Day3,Traveling Alone.
New York City - Day1,New York City
New York City - Day1,travel
New York City - Day1,airport
New York City - Day1,subway
New York City - Day1,Washington Square Park
New York City - Day1,High Line Park
New York City - Day1,Times Square
New York City - Day1,East River
New York City - Day1,Thanksgiving
New York City - Day1,memories.
New York City - Day5,New York City
New York City - Day5,Travel
New York City - Day5,Friendship
New York City - Day5,City Life
New York City - Day5,Landmarks
New York City - Day5,Museum
New York City - Day5,Culture
New York City - Day5,Food
New York City - Day5,Goodbye
New York City - Day5,Memories.
New York City - Day2,New York City
New York City - Day2,Metropolitan Museum of Art
New York City - Day2,Empire State Building
New York City - Day2,Fifth Avenue
New York City - Day2,Microsoft
New York City - Day2,Apple
New York City - Day2,Xi'an cuisine
New York City - Day2,gathering
New York City - Day2,drinks
New York City - Day2,fun
